,date,Avg_price
0,2010/1/4,21.509999999999998
1,2010/1/5,21.380000000000003
2,2010/1/6,21.11
3,2010/1/7,20.67
4,2010/1/8,20.515
5,2010/1/11,21.145000000000003
6,2010/1/12,20.715
7,2010/1/13,20.04
8,2010/1/14,19.92
9,2010/1/15,20.03
10,2010/1/18,20.075
11,2010/1/19,20.3
12,2010/1/20,20.105
13,2010/1/21,20.174999999999997
14,2010/1/22,20.549999999999997
15,2010/1/25,20.509999999999998
16,2010/1/26,20.59
17,2010/1/27,20.265
18,2010/1/28,19.740000000000002
19,2010/1/29,19.61
20,2010/2/1,19.42
21,2010/2/2,19.284999999999997
22,2010/2/3,19.6
23,2010/2/4,19.634999999999998
24,2010/2/5,19.310000000000002
25,2010/2/8,19.335
26,2010/2/9,19.310000000000002
27,2010/2/10,19.634999999999998
28,2010/2/11,19.665
29,2010/2/12,19.77
30,2010/2/22,19.705
31,2010/2/23,19.57
32,2010/2/24,19.505000000000003
33,2010/2/25,20.244999999999997
34,2010/3/11,21.15
35,2010/3/12,21.18
36,2010/3/15,20.84
37,2010/3/16,20.91
38,2010/3/17,21.450000000000003
39,2010/3/18,21.68
40,2010/3/19,21.810000000000002
41,2010/3/22,22.03
42,2010/3/23,22.125
43,2010/3/24,22.04
44,2010/3/25,21.785
45,2010/3/26,21.89
46,2010/3/29,22.715
47,2010/3/31,22.925
48,2010/4/1,22.810000000000002
49,2010/4/2,22.884999999999998
50,2010/4/6,23.02
51,2010/4/7,22.89
52,2010/4/8,22.54
53,2010/4/9,22.770000000000003
54,2010/4/12,22.715
55,2010/4/13,22.715
56,2010/4/14,23.0
57,2010/4/15,22.865000000000002
58,2010/4/16,22.365000000000002
59,2010/4/19,21.125
60,2010/4/20,20.545
61,2010/4/21,20.66
62,2010/4/22,20.44
63,2010/4/23,20.295
64,2010/4/26,20.44
65,2010/4/27,20.185000000000002
66,2010/4/29,20.22
67,2010/4/30,20.445
68,2010/5/4,20.205
69,2010/5/5,20.13
70,2010/5/6,19.57
71,2010/5/7,18.605
72,2010/5/10,18.85
73,2010/5/11,19.095
74,2010/5/12,18.83
75,2010/5/13,19.405
76,2010/5/14,19.455
77,2010/5/17,18.915
78,2010/5/18,19.04
79,2010/5/19,19.21
80,2010/5/20,19.005000000000003
81,2010/5/21,18.855
82,2010/5/24,19.56
83,2010/5/25,19.37
84,2010/5/26,19.16
85,2010/5/27,19.195
86,2010/5/28,19.325
87,2010/5/31,18.72
88,2010/6/1,18.445
89,2010/6/2,18.39
90,2010/6/3,18.345
91,2010/6/4,18.15
92,2010/6/7,17.77
93,2010/6/8,17.545
94,2010/6/9,17.994999999999997
95,2010/6/10,13.7
96,2010/6/11,13.795
97,2010/6/17,13.879999999999999
98,2010/6/18,13.879999999999999
99,2010/6/21,14.24
100,2010/6/22,14.455
101,2010/6/23,14.325
102,2010/6/24,14.275
103,2010/6/25,14.325
104,2010/6/28,14.415
105,2010/6/29,14.105
106,2010/6/30,13.645
107,2010/7/1,13.530000000000001
108,2010/7/2,13.61
109,2010/7/5,13.489999999999998
110,2010/7/6,13.684999999999999
111,2010/7/7,13.75
112,2010/7/8,13.835
113,2010/7/9,14.02
114,2010/7/12,14.33
115,2010/7/13,14.190000000000001
116,2010/7/14,14.315000000000001
117,2010/7/15,14.254999999999999
118,2010/7/16,14.075
119,2010/7/19,14.3
120,2010/7/20,14.620000000000001
121,2010/7/21,14.665
122,2010/7/22,14.695
123,2010/7/23,14.86
124,2010/7/26,14.905000000000001
125,2010/7/27,14.71
126,2010/7/28,14.885
127,2010/7/29,15.09
128,2010/7/30,14.99
129,2010/8/2,15.105
130,2010/8/3,15.11
131,2010/8/4,14.844999999999999
132,2010/8/5,14.64
133,2010/8/6,14.594999999999999
134,2010/8/9,14.625
135,2010/8/10,14.344999999999999
136,2010/8/11,14.085
137,2010/8/12,13.935
138,2010/8/13,13.96
139,2010/8/16,14.105
140,2010/8/17,14.36
141,2010/8/18,14.36
142,2010/8/19,14.375
143,2010/8/20,14.245000000000001
144,2010/8/23,14.27
145,2010/8/24,14.350000000000001
146,2010/8/25,14.16
147,2010/8/26,14.065000000000001
148,2010/8/27,13.985
149,2010/8/30,14.08
150,2010/8/31,14.015
151,2010/9/1,14.030000000000001
152,2010/9/2,14.175
153,2010/9/3,14.01
154,2010/9/6,14.120000000000001
155,2010/9/7,14.205
156,2010/9/8,13.97
157,2010/9/9,13.715
158,2010/9/10,13.530000000000001
159,2010/9/13,13.469999999999999
160,2010/9/14,13.54
161,2010/9/15,13.43
162,2010/9/16,13.16
163,2010/9/17,13.025
164,2010/9/21,12.969999999999999
165,2010/9/27,12.965
166,2010/9/28,12.75
167,2010/9/29,12.344999999999999
168,2010/9/30,12.665
169,2010/10/8,13.225
170,2010/10/11,13.629999999999999
171,2010/10/12,13.895
172,2010/10/13,14.205
173,2010/10/14,14.45
174,2010/10/15,14.785
175,2010/10/18,15.475
176,2010/10/19,15.355
177,2010/10/20,15.25
178,2010/10/21,14.98
179,2010/10/22,14.595
180,2010/10/25,14.65
181,2010/10/26,14.69
182,2010/10/27,14.495000000000001
183,2010/10/28,14.5
184,2010/10/29,14.58
185,2010/11/1,14.58
186,2010/11/2,14.575
187,2010/11/3,14.594999999999999
188,2010/11/4,14.725
189,2010/11/5,14.79
190,2010/11/8,14.844999999999999
191,2010/11/9,14.73
192,2010/11/10,14.285
193,2010/11/11,14.175
194,2010/11/12,13.760000000000002
195,2010/11/15,13.489999999999998
196,2010/11/16,13.215
197,2010/11/17,13.025
198,2010/11/18,13.219999999999999
199,2010/11/19,13.18
200,2010/11/22,12.885
201,2010/11/23,12.745000000000001
202,2010/11/24,12.719999999999999
203,2010/11/25,12.95
204,2010/11/26,13.065
205,2010/11/29,12.965
206,2010/11/30,12.805
207,2010/12/1,12.7
208,2010/12/2,12.87
209,2010/12/3,12.815000000000001
210,2010/12/6,12.96
211,2010/12/7,13.030000000000001
212,2010/12/8,12.975
213,2010/12/9,12.774999999999999
214,2010/12/10,12.71
215,2010/12/13,12.915
216,2010/12/14,12.975
217,2010/12/15,12.95
218,2010/12/16,12.86
219,2010/12/17,12.75
220,2010/12/20,12.585
221,2010/12/21,12.62
222,2010/12/22,12.66
223,2010/12/23,12.635
224,2010/12/24,12.67
225,2010/12/27,12.71
226,2010/12/28,12.440000000000001
227,2010/12/29,12.405000000000001
228,2010/12/30,12.355
229,2010/12/31,12.36
230,2011/1/4,12.515
231,2011/1/5,12.705
232,2011/1/6,12.7
233,2011/1/7,12.96
234,2011/1/10,13.09
235,2011/1/11,13.2
236,2011/1/12,13.465
237,2011/1/13,13.415
238,2011/1/14,13.215
239,2011/1/17,12.79
240,2011/1/18,12.629999999999999
241,2011/1/19,12.76
242,2011/1/20,12.625
243,2011/1/21,12.620000000000001
244,2011/1/24,12.73
245,2011/1/25,12.809999999999999
246,2011/1/26,12.89
247,2011/1/27,12.79
248,2011/1/28,12.73
249,2011/1/31,12.71
250,2011/2/1,12.745000000000001
251,2011/2/9,12.670000000000002
252,2011/2/10,12.69
253,2011/2/11,12.75
254,2011/2/14,12.935
255,2011/2/15,13.09
256,2011/2/16,12.97
257,2011/2/17,13.059999999999999
258,2011/2/18,13.04
259,2011/2/21,12.969999999999999
260,2011/2/22,12.82
261,2011/2/23,12.614999999999998
262,2011/2/24,12.6
263,2011/2/25,12.620000000000001
264,2011/2/28,12.68
265,2011/3/1,12.84
266,2011/3/2,13.030000000000001
267,2011/3/3,13.315
268,2011/3/4,13.475000000000001
269,2011/3/7,13.594999999999999
270,2011/3/8,13.61
271,2011/3/9,13.645
272,2011/3/10,13.405000000000001
273,2011/3/11,13.16
274,2011/3/14,13.105
275,2011/3/15,12.995000000000001
276,2011/3/16,12.95
277,2011/3/17,12.870000000000001
278,2011/3/18,12.925
279,2011/3/21,12.92
280,2011/3/22,13.08
281,2011/3/23,13.215
282,2011/3/24,13.24
283,2011/3/25,13.305
284,2011/3/28,13.495000000000001
285,2011/3/29,13.545
286,2011/3/30,13.79
287,2011/3/31,13.735
288,2011/4/1,13.870000000000001
289,2011/4/6,14.370000000000001
290,2011/4/7,14.565000000000001
291,2011/4/8,14.524999999999999
292,2011/4/11,14.545
293,2011/4/12,14.46
294,2011/4/13,14.665
295,2011/4/14,15.02
296,2011/4/15,14.99
297,2011/4/18,15.004999999999999
298,2011/4/19,14.71
299,2011/4/20,14.555
300,2011/4/21,14.59
301,2011/4/22,14.5
302,2011/4/25,14.555
303,2011/4/26,14.665
304,2011/4/27,14.725
305,2011/4/29,14.489999999999998
306,2011/5/3,14.265
307,2011/5/4,14.015
308,2011/5/5,13.815000000000001
309,2011/5/6,13.77
310,2011/5/9,13.780000000000001
311,2011/5/10,13.885000000000002
312,2011/5/11,13.925
313,2011/5/12,13.73
314,2011/5/13,13.754999999999999
315,2011/5/16,13.719999999999999
316,2011/5/17,13.805
317,2011/5/18,14.02
318,2011/5/19,14.16
319,2011/5/20,14.185
320,2011/5/23,14.015
321,2011/5/24,13.835
322,2011/5/25,13.71
323,2011/5/26,13.68
324,2011/5/27,13.684999999999999
325,2011/5/30,13.725000000000001
326,2011/5/31,13.835
327,2011/6/1,13.77
328,2011/6/2,13.405000000000001
329,2011/6/3,10.055
330,2011/6/7,10.07
331,2011/6/8,10.015
332,2011/6/9,9.795
333,2011/6/10,9.725000000000001
334,2011/6/13,9.745
335,2011/6/14,9.85
336,2011/6/15,9.81
337,2011/6/16,9.64
338,2011/6/17,9.585
339,2011/6/20,9.600000000000001
340,2011/6/21,9.67
341,2011/6/22,9.68
342,2011/6/23,9.68
343,2011/6/24,9.895
344,2011/6/27,10.085
345,2011/6/28,10.035
346,2011/6/29,9.879999999999999
347,2011/6/30,9.809999999999999
348,2011/7/1,9.795
349,2011/7/4,9.945
350,2011/7/5,10.075
351,2011/7/6,9.965
352,2011/7/7,10.01
353,2011/7/8,10.045
354,2011/7/11,10.05
355,2011/7/12,9.925
356,2011/7/13,9.969999999999999
357,2011/7/14,10.05
358,2011/7/15,10.07
359,2011/7/18,10.05
360,2011/7/19,9.895
361,2011/7/20,9.870000000000001
362,2011/7/21,9.780000000000001
363,2011/7/22,9.725
364,2011/7/25,9.54
365,2011/7/26,9.425
366,2011/7/27,9.385000000000002
367,2011/7/28,9.275
368,2011/7/29,9.325
369,2011/8/1,9.325
370,2011/8/2,9.254999999999999
371,2011/8/3,9.225
372,2011/8/4,9.295
373,2011/8/5,9.059999999999999
374,2011/8/8,8.84
375,2011/8/9,8.695
376,2011/8/10,8.965
377,2011/8/11,8.915
378,2011/8/12,9.075
379,2011/8/15,9.219999999999999
380,2011/8/16,9.35
381,2011/8/17,9.309999999999999
382,2011/8/18,9.219999999999999
383,2011/8/19,9.004999999999999
384,2011/8/22,9.01
385,2011/8/23,9.105
386,2011/8/24,9.155000000000001
387,2011/8/25,9.315000000000001
388,2011/8/26,9.440000000000001
389,2011/8/29,9.235
390,2011/8/30,9.219999999999999
391,2011/8/31,9.235
392,2011/9/1,9.34
393,2011/9/2,9.32
394,2011/9/5,9.175
395,2011/9/6,9.1
396,2011/9/7,9.21
397,2011/9/8,9.280000000000001
398,2011/9/9,9.3
399,2011/9/13,9.165
400,2011/9/14,9.149999999999999
401,2011/9/15,9.024999999999999
402,2011/9/16,9.0
403,2011/9/19,8.86
404,2011/9/20,8.83
405,2011/9/21,8.975
406,2011/9/22,8.915
407,2011/9/23,8.72
408,2011/9/26,8.545
409,2011/9/27,8.52
410,2011/9/28,8.51
411,2011/9/29,8.42
412,2011/9/30,8.51
413,2011/10/10,8.469999999999999
414,2011/10/11,8.675
415,2011/10/12,8.695
416,2011/10/13,8.844999999999999
417,2011/10/14,8.835
418,2011/10/17,8.879999999999999
419,2011/10/18,8.815
420,2011/10/19,8.809999999999999
421,2011/10/20,8.75
422,2011/10/21,8.82
423,2011/10/24,9.035
424,2011/10/25,9.17
425,2011/10/26,9.155000000000001
426,2011/10/27,9.26
427,2011/10/28,9.39
428,2011/10/31,9.280000000000001
429,2011/11/1,9.165
430,2011/11/2,9.219999999999999
431,2011/11/3,9.31
432,2011/11/4,9.33
433,2011/11/7,9.215
434,2011/11/8,9.225000000000001
435,2011/11/9,9.254999999999999
436,2011/11/10,9.125
437,2011/11/11,9.07
438,2011/11/14,9.195
439,2011/11/15,9.19
440,2011/11/16,9.05
441,2011/11/17,8.899999999999999
442,2011/11/18,8.8
443,2011/11/21,8.79
444,2011/11/22,8.725
445,2011/11/23,8.725
446,2011/11/24,8.66
447,2011/11/25,8.66
448,2011/11/28,8.615
449,2011/11/29,8.695
450,2011/11/30,8.594999999999999
451,2011/12/1,8.775
452,2011/12/2,8.79
453,2011/12/5,8.82
454,2011/12/6,8.745000000000001
455,2011/12/7,8.76
456,2011/12/8,8.78
457,2011/12/9,8.715
458,2011/12/12,8.67
459,2011/12/13,8.61
460,2011/12/14,8.585
461,2011/12/15,8.525
462,2011/12/16,8.565
463,2011/12/19,8.59
464,2011/12/20,8.585
465,2011/12/21,8.594999999999999
466,2011/12/22,8.51
467,2011/12/23,8.54
468,2011/12/26,8.495000000000001
469,2011/12/27,8.455
470,2011/12/28,8.405000000000001
471,2011/12/29,8.35
472,2011/12/30,8.440000000000001
473,2012/1/4,8.475
474,2012/1/5,8.56
475,2012/1/6,8.670000000000002
476,2012/1/9,8.835
477,2012/1/10,9.01
478,2012/1/11,9.025
479,2012/1/12,9.045
480,2012/1/13,9.075
481,2012/1/16,8.985
482,2012/1/17,9.1
483,2012/1/18,9.1
484,2012/1/19,9.125
485,2012/1/20,9.335
486,2012/1/30,9.31
487,2012/1/31,9.23
488,2012/2/1,9.14
489,2012/2/2,9.26
490,2012/2/3,9.395
491,2012/2/6,9.425
492,2012/2/7,9.280000000000001
493,2012/2/8,9.34
494,2012/2/9,9.425
495,2012/2/10,9.364999999999998
496,2012/2/13,9.26
497,2012/2/14,9.215
498,2012/2/15,9.195
499,2012/2/16,9.219999999999999
500,2012/2/17,9.254999999999999
501,2012/2/20,9.335
502,2012/2/21,9.274999999999999
503,2012/2/22,9.3
504,2012/2/23,9.325
505,2012/2/24,9.43
506,2012/2/27,9.525
507,2012/2/28,9.57
508,2012/2/29,9.605
509,2012/3/1,9.525
510,2012/3/2,9.620000000000001
511,2012/3/5,9.66
512,2012/3/6,9.485
513,2012/3/7,9.365
514,2012/3/8,9.425
515,2012/3/9,9.47
516,2012/3/12,9.41
517,2012/3/13,9.43
518,2012/3/14,9.445
519,2012/3/15,9.274999999999999
520,2012/3/16,9.25
521,2012/3/19,9.27
522,2012/3/20,9.184999999999999
523,2012/3/21,9.129999999999999
524,2012/3/22,9.105
525,2012/3/23,9.08
526,2012/3/26,9.09
527,2012/3/27,9.135
528,2012/3/28,9.045
529,2012/3/29,8.905
530,2012/3/30,8.925
531,2012/4/5,8.915
532,2012/4/6,8.934999999999999
533,2012/4/9,8.865
534,2012/4/10,8.89
535,2012/4/11,8.879999999999999
536,2012/4/12,9.004999999999999
537,2012/4/13,9.125
538,2012/4/16,9.07
539,2012/4/17,8.995000000000001
540,2012/4/18,9.024999999999999
541,2012/4/19,9.11
542,2012/4/20,9.205
543,2012/4/23,9.254999999999999
544,2012/4/24,9.305
545,2012/4/25,9.344999999999999
546,2012/4/26,9.395
547,2012/4/27,9.4
548,2012/5/2,9.52
549,2012/5/3,9.485
550,2012/5/4,9.48
551,2012/5/7,9.425
552,2012/5/8,9.385
553,2012/5/9,9.25
554,2012/5/10,9.185
555,2012/5/11,9.16
556,2012/5/14,9.145
557,2012/5/15,9.02
558,2012/5/16,8.969999999999999
559,2012/5/17,8.95
560,2012/5/18,8.89
561,2012/5/21,8.864999999999998
562,2012/5/22,8.93
563,2012/5/23,8.92
564,2012/5/24,8.865
565,2012/5/25,8.82
566,2012/5/28,8.835
567,2012/5/29,8.905
568,2012/5/30,8.870000000000001
569,2012/5/31,8.78
570,2012/6/1,8.78
571,2012/6/4,8.65
572,2012/6/5,8.59
573,2012/6/6,8.605
574,2012/6/7,8.620000000000001
575,2012/6/8,8.425
576,2012/6/11,8.35
577,2012/6/12,8.3
578,2012/6/14,8.285
579,2012/6/15,8.39
580,2012/6/18,8.465
581,2012/6/19,8.48
582,2012/6/20,8.52
583,2012/6/21,8.475
584,2012/6/25,8.385
585,2012/6/26,8.065000000000001
586,2012/6/27,8.055
587,2012/6/28,8.030000000000001
588,2012/6/29,8.085
589,2012/7/2,8.120000000000001
590,2012/7/3,8.09
591,2012/7/4,8.11
592,2012/7/5,8.09
593,2012/7/6,7.945
594,2012/7/9,7.8
595,2012/7/10,7.6850000000000005
596,2012/7/11,7.7
597,2012/7/12,7.6899999999999995
598,2012/7/13,7.695
599,2012/7/16,7.6899999999999995
600,2012/7/17,7.67
601,2012/7/18,7.68
602,2012/7/19,7.67
603,2012/7/20,7.640000000000001
604,2012/7/23,7.51
605,2012/7/24,7.445
606,2012/7/25,7.42
607,2012/7/26,7.4
608,2012/7/27,7.455
609,2012/7/30,7.539999999999999
610,2012/7/31,7.615
611,2012/8/1,7.66
612,2012/8/2,7.715
613,2012/8/3,7.74
614,2012/8/6,7.725
615,2012/8/7,7.705
616,2012/8/8,7.715
617,2012/8/9,7.75
618,2012/8/10,7.795
619,2012/8/13,7.775
620,2012/8/14,7.779999999999999
621,2012/8/15,7.6899999999999995
622,2012/8/16,7.5600000000000005
623,2012/8/17,7.535
624,2012/8/20,7.52
625,2012/8/21,7.51
626,2012/8/22,7.52
627,2012/8/23,7.515
628,2012/8/24,7.505
629,2012/8/27,7.425000000000001
630,2012/8/28,7.515
631,2012/8/29,7.555
632,2012/8/30,7.555
633,2012/8/31,7.595000000000001
634,2012/9/3,7.605
635,2012/9/4,7.51
636,2012/9/5,7.380000000000001
637,2012/9/6,7.359999999999999
638,2012/9/7,7.51
639,2012/9/10,7.574999999999999
640,2012/9/11,7.515000000000001
641,2012/9/12,7.505000000000001
642,2012/9/13,7.46
643,2012/9/14,7.51
644,2012/9/17,7.465
645,2012/9/18,7.369999999999999
646,2012/9/19,7.345
647,2012/9/20,7.275
648,2012/9/21,7.215
649,2012/9/24,7.175
650,2012/9/25,7.16
651,2012/9/26,7.130000000000001
652,2012/9/27,7.215
653,2012/9/28,7.33
654,2012/10/8,7.35
655,2012/10/9,7.4
656,2012/10/10,7.4350000000000005
657,2012/10/11,7.41
658,2012/10/12,7.4399999999999995
659,2012/10/15,7.4350000000000005
660,2012/10/16,7.4350000000000005
661,2012/10/17,7.515000000000001
662,2012/10/18,7.585
663,2012/10/19,7.6
664,2012/10/22,7.595000000000001
665,2012/10/23,7.615
666,2012/10/24,7.57
667,2012/10/25,7.555
668,2012/10/26,7.5
669,2012/10/29,7.455
670,2012/10/30,7.475
671,2012/10/31,7.5
672,2012/11/1,7.58
673,2012/11/2,7.665
674,2012/11/5,7.715
675,2012/11/6,7.71
676,2012/11/7,7.68
677,2012/11/8,7.585
678,2012/11/9,7.53
679,2012/11/12,7.585
680,2012/11/13,7.555
681,2012/11/14,7.495
682,2012/11/15,7.455
683,2012/11/16,7.385
684,2012/11/19,7.365
685,2012/11/20,7.375
686,2012/11/21,7.41
687,2012/11/22,7.445
688,2012/11/23,7.484999999999999
689,2012/11/26,7.484999999999999
690,2012/11/27,7.45
691,2012/11/28,7.44
692,2012/11/29,7.4350000000000005
693,2012/11/30,7.4350000000000005
694,2012/12/3,7.404999999999999
695,2012/12/4,7.38
696,2012/12/5,7.654999999999999
697,2012/12/6,7.88
698,2012/12/7,8.094999999999999
699,2012/12/10,8.34
700,2012/12/11,8.3
701,2012/12/12,8.344999999999999
702,2012/12/13,8.32
703,2012/12/14,8.61
704,2012/12/17,9.035
705,2012/12/18,9.075
706,2012/12/19,9.08
707,2012/12/20,9.025
708,2012/12/21,9.015
709,2012/12/24,9.015
710,2012/12/25,9.26
711,2012/12/26,9.46
712,2012/12/27,9.425
713,2012/12/28,9.48
714,2012/12/31,9.780000000000001
715,2013/1/4,10.059999999999999
716,2013/1/7,10.185
717,2013/1/8,10.23
718,2013/1/9,10.115
719,2013/1/10,10.075
720,2013/1/11,9.945
721,2013/1/14,10.05
722,2013/1/15,10.34
723,2013/1/16,10.2
724,2013/1/17,10.04
725,2013/1/18,10.120000000000001
726,2013/1/21,10.3
727,2013/1/22,10.43
728,2013/1/23,10.52
729,2013/1/24,10.605
730,2013/1/25,10.629999999999999
731,2013/1/28,10.92
732,2013/1/29,11.255
733,2013/1/30,11.265
734,2013/1/31,11.36
735,2013/2/1,11.68
736,2013/2/4,12.025
737,2013/2/5,11.89
738,2013/2/6,11.925
739,2013/2/7,11.715
740,2013/2/8,11.370000000000001
741,2013/2/18,11.34
742,2013/2/19,11.165
743,2013/2/20,10.955
744,2013/2/21,10.435
745,2013/2/22,10.165
746,2013/2/25,10.265
747,2013/2/26,10.265
748,2013/2/27,10.375
749,2013/2/28,10.805
750,2013/3/1,11.120000000000001
751,2013/3/4,10.625
752,2013/3/5,10.715
753,2013/3/6,11.135
754,2013/3/7,10.89
755,2013/3/8,10.760000000000002
756,2013/3/11,10.57
757,2013/3/12,10.375
758,2013/3/13,10.27
759,2013/3/14,10.425
760,2013/3/15,10.49
761,2013/3/18,10.46
762,2013/3/19,10.56
763,2013/3/20,10.934999999999999
764,2013/3/21,11.149999999999999
765,2013/3/22,11.035
766,2013/3/25,11.085
767,2013/3/26,10.84
768,2013/3/27,10.735
769,2013/3/28,10.11
770,2013/3/29,10.08
771,2013/4/1,10.055
772,2013/4/2,10.05
773,2013/4/3,10.055
774,2013/4/8,9.895
775,2013/4/9,10.0
776,2013/4/10,10.015
777,2013/4/11,10.05
778,2013/4/12,9.985
779,2013/4/15,9.885
780,2013/4/16,9.745000000000001
781,2013/4/17,9.665
782,2013/4/18,9.545000000000002
783,2013/4/19,9.895
784,2013/4/22,10.165
785,2013/4/23,10.059999999999999
786,2013/4/24,9.945
787,2013/4/25,9.955
788,2013/4/26,9.920000000000002
789,2013/5/2,9.795
790,2013/5/3,9.94
791,2013/5/6,10.08
792,2013/5/7,10.075
793,2013/5/8,10.085
794,2013/5/9,10.015
795,2013/5/10,9.98
796,2013/5/13,10.02
797,2013/5/14,10.0
798,2013/5/15,9.985
799,2013/5/16,10.07
800,2013/5/17,10.195
801,2013/5/20,10.335
802,2013/5/21,10.36
803,2013/5/22,10.344999999999999
804,2013/5/23,10.219999999999999
805,2013/5/24,10.2
806,2013/5/27,10.25
807,2013/5/28,10.425
808,2013/5/29,10.55
809,2013/5/30,10.51
810,2013/5/31,10.515
811,2013/6/3,9.905000000000001
812,2013/6/4,9.815000000000001
813,2013/6/5,9.695
814,2013/6/6,9.53
815,2013/6/7,9.43
816,2013/6/13,9.135
817,2013/6/14,9.045
818,2013/6/17,9.030000000000001
819,2013/6/18,9.06
820,2013/6/19,8.97
821,2013/6/20,8.64
822,2013/6/21,8.295
823,2013/6/24,7.904999999999999
824,2013/6/25,7.625
825,2013/6/26,7.835
826,2013/6/27,7.865
827,2013/6/28,8.05
828,2013/7/1,8.195
829,2013/7/2,8.165
830,2013/7/3,8.07
831,2013/7/4,8.09
832,2013/7/5,8.11
833,2013/7/8,7.955
834,2013/7/9,7.92
835,2013/7/10,8.03
836,2013/7/11,8.515
837,2013/7/12,8.625
838,2013/7/15,8.555
839,2013/7/16,8.53
840,2013/7/17,8.485
841,2013/7/18,8.305
842,2013/7/19,8.125
843,2013/7/22,7.925000000000001
844,2013/7/23,8.065000000000001
845,2013/7/24,8.02
846,2013/7/25,8.02
847,2013/7/26,7.975
848,2013/7/29,7.82
849,2013/7/30,7.8100000000000005
850,2013/7/31,7.885
851,2013/8/1,7.955
852,2013/8/2,8.02
853,2013/8/5,8.02
854,2013/8/6,8.03
855,2013/8/7,8.02
856,2013/8/8,8.0
857,2013/8/9,8.030000000000001
858,2013/8/12,8.175
859,2013/8/13,8.36
860,2013/8/14,8.375
861,2013/8/15,8.265
862,2013/8/16,8.24
863,2013/8/19,8.344999999999999
864,2013/8/20,8.465
865,2013/8/21,8.489999999999998
866,2013/8/22,8.425
867,2013/8/23,8.48
868,2013/8/26,8.594999999999999
869,2013/8/27,8.85
870,2013/8/28,8.940000000000001
871,2013/8/29,9.015
872,2013/8/30,8.925
873,2013/9/2,9.04
874,2013/9/3,9.025
875,2013/9/4,9.09
876,2013/9/5,9.16
877,2013/9/6,9.36
878,2013/9/9,10.405
879,2013/9/10,11.2
880,2013/9/11,11.24
881,2013/9/12,11.775
882,2013/9/13,11.995000000000001
883,2013/9/16,11.745000000000001
884,2013/9/17,11.120000000000001
885,2013/9/18,10.975
886,2013/9/23,11.115
887,2013/9/24,11.0
888,2013/9/25,10.76
889,2013/9/26,10.46
890,2013/9/27,10.175
891,2013/9/30,10.215
892,2013/10/8,10.129999999999999
893,2013/10/9,10.184999999999999
894,2013/10/10,10.14
895,2013/10/11,10.325
896,2013/10/14,10.37
897,2013/10/15,10.205
898,2013/10/16,10.0
899,2013/10/17,9.915
900,2013/10/18,9.850000000000001
901,2013/10/21,10.035
902,2013/10/22,10.02
903,2013/10/23,9.985
904,2013/10/24,9.97
905,2013/10/25,10.04
906,2013/10/28,10.115
907,2013/10/29,10.350000000000001
908,2013/10/30,10.535
909,2013/10/31,10.455
910,2013/11/1,10.370000000000001
911,2013/11/4,10.39
912,2013/11/5,10.21
913,2013/11/6,10.05
914,2013/11/7,10.065000000000001
915,2013/11/8,10.0
916,2013/11/11,9.98
917,2013/11/12,10.065
918,2013/11/13,9.84
919,2013/11/14,9.545
920,2013/11/15,9.585
921,2013/11/18,9.925
922,2013/11/19,10.035
923,2013/11/20,10.030000000000001
924,2013/11/21,10.035
925,2013/11/22,10.055
926,2013/11/25,9.96
927,2013/11/26,9.9
928,2013/11/27,9.899999999999999
929,2013/11/28,9.955
930,2013/11/29,10.025
931,2013/12/2,10.21
932,2013/12/3,10.265
933,2013/12/4,10.32
934,2013/12/5,10.375
935,2013/12/6,10.280000000000001
936,2013/12/9,10.16
937,2013/12/10,10.129999999999999
938,2013/12/11,10.02
939,2013/12/12,9.895
940,2013/12/13,9.835
941,2013/12/16,9.795
942,2013/12/17,9.725
943,2013/12/18,9.71
944,2013/12/19,9.68
945,2013/12/20,9.495000000000001
946,2013/12/23,9.375
947,2013/12/24,9.355
948,2013/12/25,9.3
949,2013/12/26,9.175
950,2013/12/27,9.165
951,2013/12/30,9.25
952,2013/12/31,9.32
953,2014/1/2,9.385
954,2014/1/3,9.21
955,2014/1/6,9.25
956,2014/1/7,9.155000000000001
957,2014/1/8,9.17
958,2014/1/9,9.245
959,2014/1/10,9.344999999999999
960,2014/1/13,9.415
961,2014/1/14,9.4
962,2014/1/15,9.31
963,2014/1/16,9.2
964,2014/1/17,9.145
965,2014/1/20,9.085
966,2014/1/21,9.129999999999999
967,2014/1/22,9.26
968,2014/1/23,9.265
969,2014/1/24,9.2
970,2014/1/27,9.155
971,2014/1/28,9.155
972,2014/1/29,9.265
973,2014/1/30,9.219999999999999
974,2014/2/7,9.155000000000001
975,2014/2/10,9.235
976,2014/2/11,9.425
977,2014/2/12,9.5
978,2014/2/13,9.54
979,2014/2/14,9.594999999999999
980,2014/2/17,9.57
981,2014/2/18,9.385
982,2014/2/19,9.370000000000001
983,2014/2/20,9.46
984,2014/2/21,9.34
985,2014/2/24,9.105
986,2014/2/25,8.92
987,2014/2/26,8.83
988,2014/2/27,8.92
989,2014/2/28,8.905000000000001
990,2014/3/3,8.879999999999999
991,2014/3/4,8.855
992,2014/3/5,8.78
993,2014/3/6,8.75
994,2014/3/7,8.765
995,2014/3/10,8.555
996,2014/3/11,8.445
997,2014/3/12,8.515
998,2014/3/13,8.8
999,2014/3/14,8.885
1000,2014/3/18,9.055
1001,2014/3/19,8.95
1002,2014/3/20,8.975000000000001
1003,2014/3/21,9.435
1004,2014/3/24,9.845
1005,2014/3/25,9.754999999999999
1006,2014/3/26,9.68
1007,2014/3/27,9.61
1008,2014/3/28,9.655000000000001
1009,2014/3/31,9.71
1010,2014/4/1,9.695
1011,2014/4/2,9.844999999999999
1012,2014/4/3,9.805
1013,2014/4/4,9.675
1014,2014/4/8,9.925
1015,2014/4/9,10.11
1016,2014/4/10,10.185
1017,2014/4/11,10.215
1018,2014/4/14,10.184999999999999
1019,2014/4/15,9.96
1020,2014/4/16,9.86
1021,2014/4/17,9.844999999999999
1022,2014/4/18,9.754999999999999
1023,2014/4/21,9.725000000000001
1024,2014/4/22,9.79
1025,2014/4/23,9.865
1026,2014/4/24,9.885
1027,2014/4/25,9.879999999999999
1028,2014/4/28,9.745000000000001
1029,2014/4/29,9.735
1030,2014/4/30,9.875
1031,2014/5/5,9.754999999999999
1032,2014/5/6,9.7
1033,2014/5/7,9.675
1034,2014/5/8,9.705
1035,2014/5/9,9.754999999999999
1036,2014/5/12,9.89
1037,2014/5/13,9.9
1038,2014/5/14,9.850000000000001
1039,2014/5/15,9.76
1040,2014/5/16,9.725
1041,2014/5/19,9.620000000000001
1042,2014/5/20,9.555
1043,2014/5/21,9.559999999999999
1044,2014/5/22,9.594999999999999
1045,2014/5/23,9.655
1046,2014/5/26,9.75
1047,2014/5/27,9.695
1048,2014/5/28,9.67
1049,2014/5/29,9.649999999999999
1050,2014/5/30,9.594999999999999
1051,2014/6/3,9.565
1052,2014/6/4,9.5
1053,2014/6/5,9.535
1054,2014/6/6,9.555
1055,2014/6/9,9.5
1056,2014/6/10,9.61
1057,2014/6/11,9.59
1058,2014/6/12,9.555
1059,2014/6/13,9.64
1060,2014/6/16,9.77
1061,2014/6/17,9.780000000000001
1062,2014/6/18,9.73
1063,2014/6/19,9.690000000000001
1064,2014/6/20,9.67
1065,2014/6/23,9.685
1066,2014/6/24,9.045
1067,2014/6/25,9.015
1068,2014/6/26,8.985
1069,2014/6/27,8.98
1070,2014/6/30,9.015
1071,2014/7/1,9.07
1072,2014/7/2,9.06
1073,2014/7/3,9.065000000000001
1074,2014/7/4,9.075
1075,2014/7/7,9.06
1076,2014/7/8,9.05
1077,2014/7/9,8.985
1078,2014/7/10,8.92
1079,2014/7/11,8.93
1080,2014/7/14,8.965
1081,2014/7/15,9.01
1082,2014/7/16,9.015
1083,2014/7/17,9.01
1084,2014/7/18,9.0
1085,2014/7/21,8.995000000000001
1086,2014/7/22,9.010000000000002
1087,2014/7/23,9.059999999999999
1088,2014/7/24,9.205
1089,2014/7/25,9.385000000000002
1090,2014/7/28,9.6
1091,2014/7/29,9.79
1092,2014/7/30,9.8
1093,2014/7/31,9.745000000000001
1094,2014/8/1,9.765
1095,2014/8/4,9.870000000000001
1096,2014/8/5,9.895
1097,2014/8/6,9.785
1098,2014/8/7,9.655000000000001
1099,2014/8/8,9.55
1100,2014/8/11,9.635
1101,2014/8/12,9.665
1102,2014/8/13,9.625
1103,2014/8/14,9.615
1104,2014/8/15,9.655000000000001
1105,2014/8/18,9.705
1106,2014/8/19,9.745000000000001
1107,2014/8/20,9.675
1108,2014/8/21,9.57
1109,2014/8/22,9.52
1110,2014/8/25,9.48
1111,2014/8/26,9.445
1112,2014/8/27,9.45
1113,2014/8/28,9.405
1114,2014/8/29,9.435
1115,2014/9/1,9.49
1116,2014/9/2,9.555
1117,2014/9/3,9.655000000000001
1118,2014/9/4,9.705
1119,2014/9/5,9.735
1120,2014/9/9,9.725
1121,2014/9/10,9.620000000000001
1122,2014/9/11,9.6
1123,2014/9/12,9.605
1124,2014/9/15,9.58
1125,2014/9/16,9.635
1126,2014/9/17,9.600000000000001
1127,2014/9/18,9.645
1128,2014/9/19,9.785
1129,2014/9/22,9.719999999999999
1130,2014/9/23,9.620000000000001
1131,2014/9/24,9.684999999999999
1132,2014/9/25,9.75
1133,2014/9/26,9.705
1134,2014/9/29,9.754999999999999
1135,2014/9/30,9.765
1136,2014/10/8,9.809999999999999
1137,2014/10/9,9.85
1138,2014/10/10,9.815000000000001
1139,2014/10/13,9.76
1140,2014/10/14,9.72
1141,2014/10/15,9.754999999999999
1142,2014/10/16,9.815000000000001
1143,2014/10/17,9.865
1144,2014/10/20,9.915
1145,2014/10/21,9.835
1146,2014/10/22,9.785
1147,2014/10/23,9.765
1148,2014/10/24,9.725
1149,2014/10/27,9.545
1150,2014/10/28,9.545
1151,2014/10/29,9.655
1152,2014/10/30,9.765
1153,2014/10/31,10.04
1154,2014/11/3,10.205
1155,2014/11/4,10.135
1156,2014/11/5,10.035
1157,2014/11/6,10.02
1158,2014/11/7,10.094999999999999
1159,2014/11/10,10.54
1160,2014/11/11,10.77
1161,2014/11/12,10.95
1162,2014/11/13,11.02
1163,2014/11/14,10.89
1164,2014/11/17,10.844999999999999
1165,2014/11/18,10.6
1166,2014/11/19,10.45
1167,2014/11/20,10.51
1168,2014/11/21,10.684999999999999
1169,2014/11/24,10.715
1170,2014/11/25,10.945
1171,2014/11/26,11.285
1172,2014/11/27,11.48
1173,2014/11/28,11.965
1174,2014/12/1,12.305
1175,2014/12/2,12.45
1176,2014/12/3,12.71
1177,2014/12/4,12.925
1178,2014/12/5,13.475
1179,2014/12/8,13.600000000000001
1180,2014/12/9,13.105
1181,2014/12/10,12.93
1182,2014/12/11,13.005
1183,2014/12/12,13.015
1184,2014/12/15,12.780000000000001
1185,2014/12/16,12.995
1186,2014/12/17,13.8
1187,2014/12/18,14.055
1188,2014/12/19,14.025
1189,2014/12/22,14.43
1190,2014/12/23,14.254999999999999
1191,2014/12/24,13.785
1192,2014/12/25,14.0
1193,2014/12/26,14.535
1194,2014/12/29,15.175
1195,2014/12/30,15.155
1196,2014/12/31,15.57
1197,2015/1/5,15.975000000000001
1198,2015/1/6,16.064999999999998
1199,2015/1/7,15.855
1200,2015/1/8,15.559999999999999
1201,2015/1/9,15.315
1202,2015/1/12,15.36
1203,2015/1/13,15.155000000000001
1204,2015/1/14,15.4
1205,2015/1/15,15.805
1206,2015/1/16,16.354999999999997
1207,2015/1/19,15.100000000000001
1208,2015/1/20,14.940000000000001
1209,2015/1/21,15.42
1210,2015/1/22,15.68
1211,2015/1/23,15.685
1212,2015/1/26,15.495000000000001
1213,2015/1/27,15.225
1214,2015/1/28,14.815000000000001
1215,2015/1/29,14.5
1216,2015/1/30,14.525
1217,2015/2/2,14.05
1218,2015/2/3,14.33
1219,2015/2/4,14.34
1220,2015/2/5,14.465
1221,2015/2/6,14.09
1222,2015/2/9,14.11
1223,2015/2/10,14.29
1224,2015/2/11,14.425
1225,2015/2/12,14.385
1226,2015/2/13,14.465
1227,2015/2/16,14.415
1228,2015/2/17,14.445
1229,2015/2/25,14.379999999999999
1230,2015/2/26,14.434999999999999
1231,2015/2/27,14.565
1232,2015/3/2,14.530000000000001
1233,2015/3/3,14.219999999999999
1234,2015/3/4,13.98
1235,2015/3/5,13.71
1236,2015/3/6,13.605
1237,2015/3/9,14.16
1238,2015/3/10,14.21
1239,2015/3/11,14.21
1240,2015/3/12,14.885
1241,2015/3/13,15.239999999999998
1242,2015/3/16,15.515
1243,2015/3/17,15.57
1244,2015/3/18,15.725000000000001
1245,2015/3/19,15.760000000000002
1246,2015/3/20,15.684999999999999
1247,2015/3/23,15.865
1248,2015/3/24,15.79
1249,2015/3/25,15.42
1250,2015/3/26,15.254999999999999
1251,2015/3/27,15.34
1252,2015/3/30,15.785
1253,2015/3/31,16.134999999999998
1254,2015/4/1,15.87
1255,2015/4/2,16.240000000000002
1256,2015/4/3,16.1
1257,2015/4/7,16.605
1258,2015/4/8,16.875
1259,2015/4/9,16.96
1260,2015/4/10,17.195
1261,2015/4/13,18.009999999999998
1262,2015/4/14,17.96
1263,2015/4/15,17.880000000000003
1264,2015/4/16,18.31
1265,2015/4/17,18.775
1266,2015/4/20,18.31
1267,2015/4/21,17.955
1268,2015/4/22,18.4
1269,2015/4/23,18.36
1270,2015/4/24,17.740000000000002
1271,2015/4/27,17.945
1272,2015/4/28,18.27
1273,2015/4/29,18.4
1274,2015/4/30,18.175
1275,2015/5/4,17.905
1276,2015/5/5,17.405
1277,2015/5/6,17.07
1278,2015/5/7,17.05
1279,2015/5/8,17.15
1280,2015/5/11,17.125
1281,2015/5/12,17.244999999999997
1282,2015/5/13,17.2
1283,2015/5/14,17.045
1284,2015/5/15,16.845
1285,2015/5/18,16.5
1286,2015/5/19,16.705
1287,2015/5/20,17.095
1288,2015/5/21,17.285
1289,2015/5/22,17.61
1290,2015/5/25,17.995
1291,2015/5/26,18.305
1292,2015/5/27,18.255000000000003
1293,2015/5/28,17.57
1294,2015/5/29,17.06
1295,2015/6/1,17.485
1296,2015/6/2,17.884999999999998
1297,2015/6/3,17.895
1298,2015/6/4,18.314999999999998
1299,2015/6/5,18.715
1300,2015/6/17,18.345
1301,2015/6/18,17.905
1302,2015/6/19,17.325
1303,2015/6/23,16.735
1304,2015/6/24,17.14
1305,2015/6/25,17.155
1306,2015/6/26,16.14
1307,2015/6/29,16.105
1308,2015/6/30,16.445
1309,2015/7/1,16.564999999999998
1310,2015/7/2,16.435000000000002
1311,2015/7/3,16.13
1312,2015/7/6,17.31
1313,2015/7/7,17.255000000000003
1314,2015/7/8,16.075
1315,2015/7/9,16.45
1316,2015/7/10,17.020000000000003
1317,2015/7/13,17.015
1318,2015/7/14,16.765
1319,2015/7/15,16.884999999999998
1320,2015/7/16,17.015
1321,2015/7/17,17.025
1322,2015/7/20,16.84
1323,2015/7/21,16.479999999999997
1324,2015/7/22,16.244999999999997
1325,2015/7/23,16.335
1326,2015/7/24,16.285
1327,2015/7/27,15.455
1328,2015/7/28,14.96
1329,2015/7/29,15.254999999999999
1330,2015/7/30,15.094999999999999
1331,2015/7/31,15.02
1332,2015/8/3,15.27
1333,2015/8/4,15.55
1334,2015/8/5,15.455
1335,2015/8/6,15.27
1336,2015/8/7,15.525
1337,2015/8/10,15.614999999999998
1338,2015/8/11,15.635
1339,2015/8/12,15.395
1340,2015/8/13,15.46
1341,2015/8/14,15.48
1342,2015/8/17,15.365
1343,2015/8/18,15.11
1344,2015/8/19,14.934999999999999
1345,2015/8/20,14.809999999999999
1346,2015/8/21,14.415
1347,2015/8/24,13.399999999999999
1348,2015/8/25,12.465
1349,2015/8/26,12.835
1350,2015/8/27,13.57
1351,2015/8/28,14.17
1352,2015/8/31,14.58
1353,2015/9/1,14.995000000000001
1354,2015/9/2,14.895
1355,2015/9/7,14.615
1356,2015/9/8,14.79
1357,2015/9/9,15.035
1358,2015/9/10,15.155000000000001
1359,2015/9/11,15.455
1360,2015/9/14,15.715
1361,2015/9/15,15.495000000000001
1362,2015/9/16,15.370000000000001
1363,2015/9/17,15.225
1364,2015/9/18,15.094999999999999
1365,2015/9/21,14.965
1366,2015/9/22,15.010000000000002
1367,2015/9/23,14.93
1368,2015/9/24,15.11
1369,2015/9/25,15.370000000000001
1370,2015/9/28,15.735
1371,2015/9/29,15.879999999999999
1372,2015/9/30,16.29
1373,2015/10/8,16.335
1374,2015/10/9,15.935
1375,2015/10/12,15.98
1376,2015/10/13,15.975000000000001
1377,2015/10/14,15.855
1378,2015/10/26,16.155
1379,2015/10/27,16.275
1380,2015/10/28,16.285
1381,2015/10/29,16.445
1382,2015/10/30,16.445
1383,2015/11/2,16.355
1384,2015/11/3,16.43
1385,2015/11/4,16.634999999999998
1386,2015/11/5,17.28
1387,2015/11/6,17.7
1388,2015/11/9,18.035
1389,2015/11/10,18.185000000000002
1390,2015/11/11,18.07
1391,2015/11/12,17.58
1392,2015/11/13,17.39
1393,2015/11/16,17.380000000000003
1394,2015/11/17,17.450000000000003
1395,2015/11/18,17.43
1396,2015/11/19,17.6
1397,2015/11/20,18.14
1398,2015/11/23,18.785
1399,2015/11/24,18.975
1400,2015/11/25,19.285
1401,2015/11/26,19.435000000000002
1402,2015/11/27,18.845
1403,2015/11/30,18.545
1404,2015/12/1,18.505000000000003
1405,2015/12/2,19.18
1406,2015/12/3,19.475
1407,2015/12/4,18.990000000000002
1408,2015/12/7,19.08
1409,2015/12/8,19.69
1410,2015/12/9,19.405
1411,2015/12/10,19.305
1412,2015/12/11,18.805
1413,2015/12/14,18.38
1414,2015/12/15,18.375
1415,2015/12/16,18.27
1416,2015/12/17,18.375
1417,2015/12/18,18.65
1418,2015/12/21,18.965
1419,2015/12/22,18.955
1420,2015/12/23,18.895
1421,2015/12/24,18.945
1422,2015/12/25,19.17
1423,2015/12/28,19.035
1424,2015/12/29,18.685
1425,2015/12/30,18.64
1426,2015/12/31,18.395
1427,2016/1/4,18.04
1428,2016/1/5,17.735
1429,2016/1/6,18.0
1430,2016/1/7,17.655
1431,2016/1/8,17.615
1432,2016/1/11,17.130000000000003
1433,2016/1/12,17.310000000000002
1434,2016/1/13,17.48
1435,2016/1/14,17.46
1436,2016/1/15,17.689999999999998
1437,2016/1/18,17.555
1438,2016/1/19,17.775
1439,2016/1/20,17.43
1440,2016/1/21,16.9
1441,2016/1/22,16.93
1442,2016/1/25,17.015
1443,2016/1/26,16.810000000000002
1444,2016/1/27,16.715
1445,2016/1/28,16.67
1446,2016/1/29,16.71
1447,2016/2/1,16.744999999999997
1448,2016/2/2,16.630000000000003
1449,2016/2/3,16.605
1450,2016/2/4,17.07
1451,2016/2/5,17.81
1452,2016/2/15,18.215
1453,2016/3/11,17.240000000000002
1454,2016/3/14,16.869999999999997
1455,2016/3/15,16.985
1456,2016/3/16,17.475
1457,2016/3/17,17.755
1458,2016/3/18,17.814999999999998
1459,2016/3/21,17.92
1460,2016/3/22,18.119999999999997
1461,2016/3/23,18.145
1462,2016/3/24,17.915
1463,2016/3/25,17.729999999999997
1464,2016/3/28,17.615000000000002
1465,2016/3/29,17.490000000000002
1466,2016/3/30,17.759999999999998
1467,2016/3/31,17.955
1468,2016/4/1,18.08
1469,2016/4/5,18.055
1470,2016/4/6,17.995
1471,2016/4/7,17.82
1472,2016/4/8,17.58
1473,2016/4/11,17.635
1474,2016/4/12,17.655
1475,2016/4/13,17.735
1476,2016/4/14,17.85
1477,2016/4/15,17.92
1478,2016/4/18,17.78
1479,2016/4/19,17.924999999999997
1480,2016/4/20,17.925
1481,2016/4/21,17.97
1482,2016/4/22,18.119999999999997
1483,2016/4/25,18.015
1484,2016/4/26,17.895000000000003
1485,2016/4/27,17.915
1486,2016/4/28,17.915
1487,2016/4/29,17.83
1488,2016/5/3,18.035
1489,2016/5/4,18.07
1490,2016/5/5,18.06
1491,2016/5/6,17.9
1492,2016/5/9,17.61
1493,2016/5/10,17.43
1494,2016/5/11,17.5
1495,2016/5/12,17.42
1496,2016/5/13,17.305
1497,2016/5/16,17.259999999999998
1498,2016/5/17,17.27
1499,2016/5/18,17.405
1500,2016/5/19,17.395000000000003
1501,2016/5/20,17.38
1502,2016/5/23,17.525
1503,2016/5/24,17.515
1504,2016/5/25,17.675
1505,2016/5/26,17.674999999999997
1506,2016/5/27,17.715
1507,2016/5/30,17.895
1508,2016/5/31,18.11
1509,2016/6/1,18.245
1510,2016/6/2,18.11
1511,2016/6/3,18.065
1512,2016/6/6,18.035
1513,2016/6/7,18.060000000000002
1514,2016/6/8,18.0
1515,2016/6/13,17.82
1516,2016/6/14,17.78
1517,2016/6/15,17.674999999999997
1518,2016/6/16,17.735
1519,2016/6/17,17.759999999999998
1520,2016/6/20,17.89
1521,2016/6/21,17.83
1522,2016/6/22,17.845
1523,2016/6/23,15.81
1524,2016/6/24,15.489999999999998
1525,2016/6/27,15.3
1526,2016/6/28,15.274999999999999
1527,2016/6/29,15.395
1528,2016/6/30,15.535
1529,2016/7/1,15.745000000000001
1530,2016/7/4,15.895
1531,2016/7/5,15.864999999999998
1532,2016/7/6,15.675
1533,2016/7/7,15.600000000000001
1534,2016/7/8,15.5
1535,2016/7/11,15.495000000000001
1536,2016/7/12,15.56
1537,2016/7/13,15.719999999999999
1538,2016/7/14,15.735
1539,2016/7/15,15.71
1540,2016/7/18,15.75
1541,2016/7/19,15.75
1542,2016/7/20,15.725
1543,2016/7/21,15.785
1544,2016/7/22,15.72
1545,2016/7/25,15.66
1546,2016/7/26,15.715
1547,2016/7/27,15.8
1548,2016/7/28,15.725
1549,2016/7/29,15.675
1550,2016/8/1,15.74
1551,2016/8/2,15.77
1552,2016/8/3,15.655000000000001
1553,2016/8/4,15.64
1554,2016/8/5,15.665
1555,2016/8/8,15.75
1556,2016/8/9,15.77
1557,2016/8/10,15.815000000000001
1558,2016/8/11,15.91
1559,2016/8/12,16.240000000000002
1560,2016/8/15,16.72
1561,2016/8/16,16.82
1562,2016/8/17,16.68
1563,2016/8/18,16.495
1564,2016/8/19,16.425
1565,2016/8/22,16.415
1566,2016/8/23,16.405
1567,2016/8/24,16.4
1568,2016/8/25,16.35
1569,2016/8/26,16.35
1570,2016/8/29,16.27
1571,2016/8/30,16.32
1572,2016/8/31,16.415
1573,2016/9/1,16.445
1574,2016/9/2,16.43
1575,2016/9/5,16.49
1576,2016/9/6,16.45
1577,2016/9/7,16.445
1578,2016/9/8,16.535
1579,2016/9/9,16.59
1580,2016/9/12,16.39
1581,2016/9/13,16.424999999999997
1582,2016/9/14,16.415
1583,2016/9/19,16.455
1584,2016/9/20,16.465
1585,2016/9/21,16.46
1586,2016/9/22,16.509999999999998
1587,2016/9/23,16.515
1588,2016/9/26,16.465
1589,2016/9/27,16.450000000000003
1590,2016/9/28,16.48
1591,2016/9/29,16.509999999999998
1592,2016/9/30,16.494999999999997
1593,2016/10/10,16.54
1594,2016/10/11,16.57
1595,2016/10/12,16.525
1596,2016/10/13,16.47
1597,2016/10/14,16.445
1598,2016/10/17,16.34
1599,2016/10/18,16.310000000000002
1600,2016/10/19,16.310000000000002
1601,2016/10/20,16.28
1602,2016/10/21,16.295
1603,2016/10/24,16.384999999999998
1604,2016/10/25,16.450000000000003
1605,2016/10/26,16.36
1606,2016/10/27,16.245
1607,2016/10/28,16.240000000000002
1608,2016/10/31,16.25
1609,2016/11/1,16.28
1610,2016/11/2,16.205
1611,2016/11/3,16.270000000000003
1612,2016/11/4,16.35
1613,2016/11/7,16.405
1614,2016/11/8,16.46
1615,2016/11/9,16.465
1616,2016/11/10,16.560000000000002
1617,2016/11/11,16.575
1618,2016/11/14,16.565
1619,2016/11/15,16.59
1620,2016/11/16,16.595
1621,2016/11/17,16.59
1622,2016/11/18,16.595
1623,2016/11/21,16.615000000000002
1624,2016/11/22,16.675
1625,2016/11/23,16.805
1626,2016/11/24,16.91
1627,2016/11/25,16.990000000000002
1628,2016/11/28,17.18
1629,2016/11/29,17.235
1630,2016/11/30,17.22
1631,2016/12/1,17.15
1632,2016/12/2,17.1
1633,2016/12/5,17.125
1634,2016/12/6,17.25
1635,2016/12/7,17.12
1636,2016/12/8,17.145
1637,2016/12/9,17.240000000000002
1638,2016/12/12,17.415
1639,2016/12/13,17.265
1640,2016/12/14,17.175
1641,2016/12/15,16.915
1642,2016/12/16,16.68
1643,2016/12/19,16.585
1644,2016/12/20,16.4
1645,2016/12/21,16.29
1646,2016/12/22,16.255000000000003
1647,2016/12/23,16.18
1648,2016/12/26,16.189999999999998
1649,2016/12/27,16.195
1650,2016/12/28,16.115000000000002
1651,2016/12/29,16.08
1652,2016/12/30,16.14
1653,2017/1/3,16.255000000000003
1654,2017/1/4,16.31
1655,2017/1/5,16.3
1656,2017/1/6,16.240000000000002
1657,2017/1/9,16.22
1658,2017/1/10,16.185000000000002
1659,2017/1/11,16.2
1660,2017/1/12,16.15
1661,2017/1/13,16.185000000000002
1662,2017/1/16,16.395
1663,2017/1/17,16.43
1664,2017/1/18,16.450000000000003
1665,2017/1/19,16.485
1666,2017/1/20,16.59
1667,2017/1/23,16.615000000000002
1668,2017/1/24,16.634999999999998
1669,2017/1/25,16.69
1670,2017/1/26,16.715
1671,2017/2/3,16.725
1672,2017/2/6,16.705
1673,2017/2/7,16.66
1674,2017/2/8,16.65
1675,2017/2/9,16.7
1676,2017/2/10,16.770000000000003
1677,2017/2/13,16.865000000000002
1678,2017/2/14,16.810000000000002
1679,2017/2/15,16.83
1680,2017/2/16,16.83
1681,2017/2/17,16.71
1682,2017/2/20,16.765
1683,2017/2/21,16.88
1684,2017/2/22,16.814999999999998
1685,2017/2/23,16.735
1686,2017/2/24,16.69
1687,2017/2/27,16.64
1688,2017/2/28,16.585
1689,2017/3/1,16.57
1690,2017/3/2,16.515
1691,2017/3/3,16.385
1692,2017/3/6,16.39
1693,2017/3/7,16.405
1694,2017/3/8,16.395
1695,2017/3/9,16.295
1696,2017/3/10,16.23
1697,2017/3/13,16.285
1698,2017/3/14,16.3
1699,2017/3/15,16.24
1700,2017/3/16,16.28
1701,2017/3/17,16.25
1702,2017/3/20,16.189999999999998
1703,2017/3/21,16.075
1704,2017/3/22,15.879999999999999
1705,2017/3/23,15.84
1706,2017/3/24,15.905000000000001
1707,2017/3/27,16.005
1708,2017/3/28,16.060000000000002
1709,2017/3/29,15.940000000000001
1710,2017/3/30,15.845
1711,2017/3/31,15.895
1712,2017/4/5,16.105
1713,2017/4/6,16.095
1714,2017/4/7,16.08
1715,2017/4/10,16.045
1716,2017/4/11,15.93
1717,2017/4/12,15.885000000000002
1718,2017/4/13,15.815000000000001
1719,2017/4/14,15.635
1720,2017/4/17,15.545
1721,2017/4/18,15.4
1722,2017/4/19,15.18
1723,2017/4/20,15.015
1724,2017/4/21,14.985
1725,2017/4/24,15.025
1726,2017/4/25,15.035
1727,2017/4/26,15.055
1728,2017/4/27,15.13
1729,2017/4/28,15.18
1730,2017/5/2,15.185
1731,2017/5/3,15.120000000000001
1732,2017/5/4,15.025
1733,2017/5/5,14.934999999999999
1734,2017/5/8,14.82
1735,2017/5/9,14.725
1736,2017/5/10,14.684999999999999
1737,2017/5/11,14.66
1738,2017/5/12,14.98
1739,2017/5/15,15.27
1740,2017/5/16,15.25
1741,2017/5/17,15.225000000000001
1742,2017/5/18,15.055
1743,2017/5/19,15.03
1744,2017/5/22,15.03
1745,2017/5/23,15.215
1746,2017/5/24,15.425
1747,2017/5/25,12.34
1748,2017/5/26,12.825
1749,2017/5/31,12.795
1750,2017/6/1,12.85
1751,2017/6/2,12.91
1752,2017/6/5,12.82
1753,2017/6/6,12.8
1754,2017/6/7,12.825
1755,2017/6/8,12.8
1756,2017/6/9,12.86
1757,2017/6/12,12.84
1758,2017/6/13,12.684999999999999
1759,2017/6/14,12.530000000000001
1760,2017/6/15,12.395
1761,2017/6/16,12.365
1762,2017/6/19,12.379999999999999
1763,2017/6/20,12.35
1764,2017/6/21,12.370000000000001
1765,2017/6/22,12.45
1766,2017/6/23,12.595
1767,2017/6/26,12.64
1768,2017/6/27,12.67
1769,2017/6/28,12.725
1770,2017/6/29,12.785
1771,2017/6/30,12.675
1772,2017/7/3,12.600000000000001
1773,2017/7/4,12.55
1774,2017/7/5,12.559999999999999
1775,2017/7/6,12.64
1776,2017/7/7,12.61
1777,2017/7/10,12.559999999999999
1778,2017/7/11,12.655000000000001
1779,2017/7/12,12.83
1780,2017/7/13,13.045
1781,2017/7/14,13.465
1782,2017/7/17,13.69
1783,2017/7/18,13.600000000000001
1784,2017/7/19,13.625
1785,2017/7/20,13.645
1786,2017/7/21,13.53
1787,2017/7/24,13.559999999999999
1788,2017/7/25,13.565
1789,2017/7/26,13.415
1790,2017/7/27,13.38
1791,2017/7/28,13.42
1792,2017/7/31,13.405
1793,2017/8/1,13.425
1794,2017/8/2,13.44
1795,2017/8/3,13.25
1796,2017/8/4,12.98
1797,2017/8/7,12.899999999999999
1798,2017/8/8,12.89
1799,2017/8/9,12.8
1800,2017/8/10,12.765
1801,2017/8/11,12.7
1802,2017/8/14,12.59
1803,2017/8/15,12.585
1804,2017/8/16,12.525
1805,2017/8/17,12.51
1806,2017/8/18,12.504999999999999
1807,2017/8/22,12.469999999999999
1808,2017/8/23,12.504999999999999
1809,2017/8/24,12.525
1810,2017/8/25,12.625
1811,2017/8/28,12.86
1812,2017/8/29,12.905000000000001
1813,2017/8/30,12.89
1814,2017/8/31,12.77
1815,2017/9/1,12.725
1816,2017/9/4,12.78
1817,2017/9/5,12.905
1818,2017/9/6,12.975000000000001
1819,2017/9/7,12.895
1820,2017/9/8,12.94
1821,2017/9/11,13.07
1822,2017/9/12,13.02
1823,2017/9/13,12.94
1824,2017/9/14,12.865
1825,2017/9/15,12.825
1826,2017/9/18,12.865
1827,2017/9/19,12.915
1828,2017/9/20,12.88
1829,2017/9/21,12.864999999999998
1830,2017/9/22,12.865
1831,2017/9/25,12.915
1832,2017/9/26,12.875
1833,2017/9/27,12.84
1834,2017/9/28,12.844999999999999
1835,2017/9/29,12.844999999999999
1836,2017/10/9,13.155
1837,2017/10/10,13.075
1838,2017/10/11,13.07
1839,2017/10/12,13.05
1840,2017/10/13,12.975
1841,2017/10/16,13.01
1842,2017/10/17,13.015
1843,2017/10/18,13.030000000000001
1844,2017/10/19,13.08
1845,2017/10/20,13.05
1846,2017/10/23,12.93
1847,2017/10/24,12.85
1848,2017/10/25,12.879999999999999
1849,2017/10/26,12.844999999999999
1850,2017/10/27,12.85
1851,2017/10/30,12.77
1852,2017/10/31,12.605
1853,2017/11/1,12.585
1854,2017/11/2,12.524999999999999
1855,2017/11/3,12.555
1856,2017/11/6,12.515
1857,2017/11/7,12.515
1858,2017/11/8,12.559999999999999
1859,2017/11/9,12.56
1860,2017/11/10,12.585
1861,2017/11/13,12.725000000000001
1862,2017/11/14,12.68
1863,2017/11/15,12.6
1864,2017/11/16,12.48
1865,2017/11/17,12.58
1866,2017/11/20,12.774999999999999
1867,2017/11/21,12.875
1868,2017/11/22,13.115
1869,2017/11/23,13.15
1870,2017/11/24,13.1
1871,2017/11/27,13.094999999999999
1872,2017/11/28,12.985
1873,2017/11/29,12.945
1874,2017/11/30,12.91
1875,2017/12/1,12.92
1876,2017/12/4,12.895
1877,2017/12/5,13.045
1878,2017/12/6,13.04
1879,2017/12/7,12.955
1880,2017/12/8,12.955
1881,2017/12/11,12.945
1882,2017/12/12,12.86
1883,2017/12/13,12.77
1884,2017/12/14,12.739999999999998
1885,2017/12/15,12.655
1886,2017/12/18,12.68
1887,2017/12/19,12.7
1888,2017/12/20,12.745000000000001
1889,2017/12/21,12.684999999999999
1890,2017/12/22,12.649999999999999
1891,2017/12/25,12.6
1892,2017/12/26,12.605
1893,2017/12/27,12.635
1894,2017/12/28,12.57
1895,2017/12/29,12.555
1896,2018/1/2,12.665
1897,2018/1/3,12.695
1898,2018/1/4,12.68
1899,2018/1/5,12.68
1900,2018/1/8,12.684999999999999
1901,2018/1/9,12.69
1902,2018/1/10,12.86
1903,2018/1/11,12.945
1904,2018/1/12,12.940000000000001
1905,2018/1/15,12.95
1906,2018/1/16,12.935
1907,2018/1/17,13.004999999999999
1908,2018/1/18,13.190000000000001
1909,2018/1/19,13.285
1910,2018/1/22,12.85
1911,2018/1/23,12.825
1912,2018/1/24,13.27
1913,2018/1/25,13.594999999999999
1914,2018/1/26,13.530000000000001
1915,2018/1/29,13.47
1916,2018/1/30,13.28
1917,2018/1/31,13.11
1918,2018/2/1,13.22
1919,2018/2/2,13.165
1920,2018/2/5,13.245000000000001
1921,2018/2/6,13.385
1922,2018/2/7,13.515
1923,2018/2/8,13.219999999999999
1924,2018/2/9,12.835
1925,2018/2/12,12.575
1926,2018/2/13,12.530000000000001
1927,2018/2/14,12.48
1928,2018/2/22,12.615
1929,2018/2/23,12.690000000000001
1930,2018/2/26,12.75
1931,2018/2/27,12.719999999999999
1932,2018/2/28,12.535
1933,2018/3/1,12.435
1934,2018/3/2,12.405000000000001
1935,2018/3/5,12.415
1936,2018/3/6,12.485
1937,2018/3/7,12.5
1938,2018/3/8,12.510000000000002
1939,2018/3/9,12.485
1940,2018/3/12,12.515
1941,2018/3/13,12.495000000000001
1942,2018/3/14,12.42
1943,2018/3/15,12.370000000000001
1944,2018/3/16,12.33
1945,2018/3/19,12.31
1946,2018/3/20,12.3
1947,2018/3/21,12.315
1948,2018/3/22,12.3
1949,2018/3/23,11.855
1950,2018/3/26,11.66
1951,2018/3/27,11.66
1952,2018/3/28,11.55
1953,2018/3/29,11.594999999999999
1954,2018/3/30,11.64
1955,2018/4/2,11.695
1956,2018/4/3,11.61
1957,2018/4/4,11.57
1958,2018/4/9,11.515
1959,2018/4/10,11.645
1960,2018/4/11,11.85
1961,2018/4/12,11.844999999999999
1962,2018/4/13,11.76
1963,2018/4/16,11.675
1964,2018/4/17,11.555
1965,2018/4/18,11.74
1966,2018/4/19,11.8
1967,2018/4/20,11.675
1968,2018/4/23,11.58
1969,2018/4/24,11.67
1970,2018/4/25,11.685
1971,2018/4/26,11.65
1972,2018/4/27,11.594999999999999
1973,2018/5/2,11.18
1974,2018/5/3,10.955
1975,2018/5/4,10.870000000000001
1976,2018/5/7,10.83
1977,2018/5/8,10.895
1978,2018/5/9,10.94
1979,2018/5/10,10.965
1980,2018/5/11,10.975
1981,2018/5/14,10.985
1982,2018/5/15,11.01
1983,2018/5/16,10.899999999999999
1984,2018/5/17,10.844999999999999
1985,2018/5/18,10.875
1986,2018/5/21,10.96
1987,2018/5/22,10.91
1988,2018/5/23,10.84
1989,2018/5/24,10.809999999999999
1990,2018/5/25,10.77
1991,2018/5/28,10.735
1992,2018/5/29,10.67
1993,2018/5/30,10.5
1994,2018/5/31,10.505
1995,2018/6/1,10.64
1996,2018/6/4,10.754999999999999
1997,2018/6/5,10.685
1998,2018/6/6,10.595
1999,2018/6/7,10.59
2000,2018/6/8,10.485
2001,2018/6/11,10.4
2002,2018/6/12,10.379999999999999
2003,2018/6/13,10.255
2004,2018/6/14,10.190000000000001
2005,2018/6/15,10.260000000000002
2006,2018/6/19,10.075
2007,2018/6/20,9.905000000000001
2008,2018/6/21,9.855
2009,2018/6/22,9.795
2010,2018/6/25,9.665
2011,2018/6/26,9.54
2012,2018/6/27,9.39
2013,2018/6/28,9.415
2014,2018/6/29,9.56
2015,2018/7/2,9.42
2016,2018/7/3,9.32
2017,2018/7/4,9.325
2018,2018/7/5,9.26
2019,2018/7/6,9.34
2020,2018/7/9,9.485
2021,2018/7/10,9.59
2022,2018/7/11,9.375
2023,2018/7/12,9.49
2024,2018/7/13,9.530000000000001
2025,2018/7/16,9.455
2026,2018/7/17,9.425
2027,2018/7/18,9.51
2028,2018/7/19,9.58
2029,2018/7/20,9.715
2030,2018/7/23,9.935
2031,2018/7/24,10.0
2032,2018/7/25,10.07
2033,2018/7/26,10.015
2034,2018/7/27,9.975000000000001
2035,2018/7/30,10.06
2036,2018/7/31,10.145
2037,2018/8/1,10.085
2038,2018/8/2,9.85
2039,2018/8/3,9.809999999999999
2040,2018/8/6,9.940000000000001
2041,2018/8/7,10.024999999999999
2042,2018/8/8,10.100000000000001
2043,2018/8/9,10.07
2044,2018/8/10,10.105
2045,2018/8/13,9.99
2046,2018/8/14,10.02
2047,2018/8/15,9.98
2048,2018/8/16,9.965
2049,2018/8/17,10.07
2050,2018/8/20,10.16
2051,2018/8/21,10.149999999999999
2052,2018/8/22,10.105
2053,2018/8/23,10.100000000000001
2054,2018/8/24,10.18
2055,2018/8/27,10.33
2056,2018/8/28,10.3
2057,2018/8/29,10.305
2058,2018/8/30,10.235
2059,2018/8/31,10.245000000000001
2060,2018/9/3,10.254999999999999
2061,2018/9/4,10.29
2062,2018/9/5,10.215
2063,2018/9/6,10.129999999999999
2064,2018/9/7,10.17
2065,2018/9/10,10.17
2066,2018/9/11,10.120000000000001
2067,2018/9/12,10.015
2068,2018/9/13,10.23
2069,2018/9/14,10.309999999999999
2070,2018/9/17,10.205
2071,2018/9/18,10.21
2072,2018/9/19,10.26
2073,2018/9/20,10.24
2074,2018/9/21,10.365
2075,2018/9/25,10.365
2076,2018/9/26,10.4
2077,2018/9/27,10.465
2078,2018/9/28,10.555
2079,2018/10/8,10.275
2080,2018/10/9,10.115
2081,2018/10/10,10.155000000000001
2082,2018/10/11,9.9
2083,2018/10/12,9.965
2084,2018/10/15,10.04
2085,2018/10/16,10.04
2086,2018/10/17,10.235
2087,2018/10/18,10.27
2088,2018/10/19,10.315000000000001
2089,2018/10/22,10.469999999999999
2090,2018/10/23,10.545
2091,2018/10/24,10.655000000000001
2092,2018/10/25,10.719999999999999
2093,2018/10/26,10.885
2094,2018/10/29,10.934999999999999
2095,2018/10/30,10.94
2096,2018/10/31,10.985
2097,2018/11/1,10.97
2098,2018/11/2,11.14
2099,2018/11/5,11.145
2100,2018/11/6,11.08
2101,2018/11/7,10.995000000000001
2102,2018/11/8,11.055
2103,2018/11/9,10.870000000000001
2104,2018/11/12,10.785
2105,2018/11/13,10.75
2106,2018/11/14,10.785
2107,2018/11/15,10.745000000000001
2108,2018/11/16,10.765
2109,2018/11/19,10.870000000000001
2110,2018/11/20,10.78
2111,2018/11/21,10.635
2112,2018/11/22,10.685
2113,2018/11/23,10.55
2114,2018/11/26,10.58
2115,2018/11/27,10.495000000000001
2116,2018/11/28,10.57
2117,2018/11/29,10.635000000000002
2118,2018/11/30,10.68
2119,2018/12/3,11.004999999999999
2120,2018/12/4,11.04
2121,2018/12/5,10.995000000000001
2122,2018/12/6,10.86
2123,2018/12/7,10.915
2124,2018/12/10,10.8
2125,2018/12/11,10.780000000000001
2126,2018/12/12,10.81
2127,2018/12/13,10.780000000000001
2128,2018/12/14,10.68
2129,2018/12/17,10.715
2130,2018/12/18,10.625
2131,2018/12/19,10.565
2132,2018/12/20,10.39
2133,2018/12/21,10.15
2134,2018/12/24,9.945
2135,2018/12/25,9.78
2136,2018/12/26,9.74
2137,2018/12/27,9.715
2138,2018/12/28,9.760000000000002
2139,2019/1/2,9.719999999999999
2140,2019/1/3,9.754999999999999
2141,2019/1/4,9.845
2142,2019/1/7,10.035
2143,2019/1/8,9.995000000000001
2144,2019/1/9,10.025
2145,2019/1/10,9.95
2146,2019/1/11,10.04
2147,2019/1/14,10.045
2148,2019/1/15,10.105
2149,2019/1/16,10.115
2150,2019/1/17,10.17
2151,2019/1/18,10.36
2152,2019/1/21,10.355
2153,2019/1/22,10.315000000000001
2154,2019/1/23,10.28
2155,2019/1/24,10.36
2156,2019/1/25,10.475
2157,2019/1/28,10.475
2158,2019/1/29,10.485
2159,2019/1/30,10.545
2160,2019/1/31,10.66
2161,2019/2/1,10.795
2162,2019/2/11,10.66
2163,2019/2/12,10.715
2164,2019/2/13,10.8
2165,2019/2/14,10.835
